{
  "facebook--m2m100_1.2B": {
    "directory": "C:\\Users\\Administrator\\Documents\\trae_projects\\Subtitle-TranslationA\\models\\facebook--m2m100_1.2B",
    "file_info": {
      "config.json": {
        "size": 909,
        "mtime": 1773147382.993697
      },
      "generation_config.json": {
        "size": 233,
        "mtime": 1773147384.8486505
      },
      "pytorch_model.bin": {
        "size": 4958230644,
        "mtime": 1773147490.4054909
      },
      "sentencepiece.bpe.model": {
        "size": 2423393,
        "mtime": 1773147494.8304179
      },
      "special_tokens_map.json": {
        "size": 1140,
        "mtime": 1773147495.9105895
      },
      "tokenizer_config.json": {
        "size": 271,
        "mtime": 1773147496.96624
      },
      "vocab.json": {
        "size": 3708092,
        "mtime": 1773147502.8644948
      }
    },
    "timestamp": 1773148633.6511264
  },
  "facebook--m2m100_418M": {
    "directory": "C:\\Users\\Administrator\\Documents\\trae_projects\\Subtitle-TranslationA\\models\\facebook--m2m100_418M",
    "file_info": {
      "config.json": {
        "size": 908,
        "mtime": 1773147655.5150259
      },
      "generation_config.json": {
        "size": 233,
        "mtime": 1773147656.5252638
      },
      "pytorch_model.bin": {
        "size": 1935796948,
        "mtime": 1773147700.3576756
      },
      "sentencepiece.bpe.model": {
        "size": 2423393,
        "mtime": 1773147706.6741204
      },
      "special_tokens_map.json": {
        "size": 1140,
        "mtime": 1773147711.303958
      },
      "tokenizer_config.json": {
        "size": 298,
        "mtime": 1773147715.699173
      },
      "vocab.json": {
        "size": 3708092,
        "mtime": 1773147784.254308
      }
    },
    "timestamp": 1773148633.6511264
  },
  "Systran--faster-whisper-base": {
    "directory": "C:\\Users\\Administrator\\Documents\\trae_projects\\Subtitle-TranslationA\\models\\Systran--faster-whisper-base",
    "file_info": {
      "config.json": {
        "size": 2309,
        "mtime": 1773147550.818666
      },
      "model.bin": {
        "size": 145217532,
        "mtime": 1773147568.4187522
      },
      "tokenizer.json": {
        "size": 2203239,
        "mtime": 1773147575.6230228
      },
      "vocabulary.txt": {
        "size": 459861,
        "mtime": 1773147578.2603526
      }
    },
    "timestamp": 1773148633.6511264
  },
  "Systran--faster-whisper-large-v2": {
    "directory": "C:\\Users\\Administrator\\Documents\\trae_projects\\Subtitle-TranslationA\\models\\Systran--faster-whisper-large-v2",
    "file_info": {
      "config.json": {
        "size": 2796,
        "mtime": 1773147214.3126533
      },
      "model.bin": {
        "size": 3086912962,
        "mtime": 1773147271.544177
      },
      "tokenizer.json": {
        "size": 2203239,
        "mtime": 1773147275.9774508
      },
      "vocabulary.txt": {
        "size": 459861,
        "mtime": 1773147279.607103
      }
    },
    "timestamp": 1773148633.6511264
  },
  "Systran--faster-whisper-large-v3": {
    "directory": "C:\\Users\\Administrator\\Documents\\trae_projects\\Subtitle-TranslationA\\models\\Systran--faster-whisper-large-v3",
    "file_info": {
      "config.json": {
        "size": 2394,
        "mtime": 1773147288.736122
      },
      "model.bin": {
        "size": 3087284237,
        "mtime": 1773147352.8847783
      },
      "preprocessor_config.json": {
        "size": 340,
        "mtime": 1773147354.9792893
      },
      "tokenizer.json": {
        "size": 2480617,
        "mtime": 1773147365.0921395
      },
      "vocabulary.json": {
        "size": 1068114,
        "mtime": 1773147372.8356237
      }
    },
    "timestamp": 1773148633.6511264
  },
  "Systran--faster-whisper-medium": {
    "directory": "C:\\Users\\Administrator\\Documents\\trae_projects\\Subtitle-TranslationA\\models\\Systran--faster-whisper-medium",
    "file_info": {
      "config.json": {
        "size": 2257,
        "mtime": 1773147610.1620479
      },
      "model.bin": {
        "size": 1527906378,
        "mtime": 1773147643.2732058
      },
      "tokenizer.json": {
        "size": 2203239,
        "mtime": 1773147647.5947282
      },
      "vocabulary.txt": {
        "size": 459861,
        "mtime": 1773147649.7654357
      }
    },
    "timestamp": 1773148633.6511264
  },
  "Systran--faster-whisper-small": {
    "directory": "C:\\Users\\Administrator\\Documents\\trae_projects\\Subtitle-TranslationA\\models\\Systran--faster-whisper-small",
    "file_info": {
      "config.json": {
        "size": 2370,
        "mtime": 1773147583.0263064
      },
      "model.bin": {
        "size": 483546902,
        "mtime": 1773147598.9225364
      },
      "tokenizer.json": {
        "size": 2203239,
        "mtime": 1773147604.6327906
      },
      "vocabulary.txt": {
        "size": 459861,
        "mtime": 1773147607.0628593
      }
    },
    "timestamp": 1773148633.6511264
  },
  "Systran--faster-whisper-tiny": {
    "directory": "C:\\Users\\Administrator\\Documents\\trae_projects\\Subtitle-TranslationA\\models\\Systran--faster-whisper-tiny",
    "file_info": {
      "config.json": {
        "size": 2249,
        "mtime": 1773147518.4000006
      },
      "model.bin": {
        "size": 75538270,
        "mtime": 1773147527.587081
      },
      "tokenizer.json": {
        "size": 2203239,
        "mtime": 1773147537.0682948
      },
      "vocabulary.txt": {
        "size": 459861,
        "mtime": 1773147543.1218872
      }
    },
    "timestamp": 1773148633.6511264
  }
}